{"bounds":{"east":121.994976997375,"north":25.3002691268921,"south":21.8981122970581,"west":120.022673606873},"contentType":"quantizedmesh","latLonBounds":{"east":121.994976997375,"north":25.3002691268921,"south":21.8981122970581,"west":120.022673606873},"maxzoom":15,"minzoom":0,"proj":4326,"tiletrans":"tms","type":"terrain","ziped":false}